{
  "config": {
    "source_domain": "technical",
    "target_domain": "opinion",
    "source_episodes": 300,
    "k_shots": [
      1,
      5,
      10,
      20
    ],
    "eval_episodes": 30,
    "n_seeds": 3,
    "elapsed_seconds": 168.3
  },
  "transfer": {
    "1": {
      "seed_means": [
        26.08845294876406,
        23.765359501094917,
        26.609245977385168
      ],
      "mean": 25.487686142414717,
      "std": 1.2362882994984192
    },
    "5": {
      "seed_means": [
        26.07640704743692,
        23.64929743174609,
        26.5442073372982
      ],
      "mean": 25.423303938827072,
      "std": 1.268866579057289
    },
    "10": {
      "seed_means": [
        26.014044218115007,
        23.831093662174943,
        26.464376537789125
      ],
      "mean": 25.43650480602636,
      "std": 1.1499879724407265
    },
    "20": {
      "seed_means": [
        25.875562621320338,
        23.597027317146388,
        26.300532559622493
      ],
      "mean": 25.257707499363075,
      "std": 1.1870253754155289
    }
  },
  "scratch": {
    "1": {
      "seed_means": [
        22.914566672912645,
        22.579122275321065,
        22.571770759688444
      ],
      "mean": 22.688486569307386,
      "std": 0.15989094435509907
    },
    "5": {
      "seed_means": [
        23.315784637986635,
        22.90125977899711,
        22.677674603968555
      ],
      "mean": 22.96490634031743,
      "std": 0.2643662452666313
    },
    "10": {
      "seed_means": [
        23.455694102246007,
        23.102660742874985,
        23.241694831253504
      ],
      "mean": 23.266683225458166,
      "std": 0.1452043458736524
    },
    "20": {
      "seed_means": [
        23.24407050582113,
        23.47181111224558,
        22.69164404716909
      ],
      "mean": 23.13584188841193,
      "std": 0.3275670288426948
    }
  }
}